番号,レイヤー,施設名,住所,説明文
01,Walk from Happo BT,01 鮨酒井 / Sushi Sakai,長野県北安曇郡白馬村北城5090-1 THE HAPPO内,THE HAPPO内。10席。18:00 or 20:00。12歳未満不可。TableCheck。徒歩約3分。
02,Walk from Happo BT,02 白BAR / HAKUBAR,〒399-9301 長野県北安曇郡白馬村北城5078,バー／軽食。Walk-in。THE HAPPO（5090-1）本体のピンにしない。店の看板でPlaceを確認。
03,Walk from Happo BT,03 おひょっくり 八方本店,〒399-9301 長野県北安曇郡白馬村北城5081,八方BT徒歩約5分。鍋・餃子。予約不要。0261-72-2661。Walk-in。
04,Walk from Happo BT,04 Uncle Steven's,長野県北安曇郡白馬村八方ゴンドラ通り5148,八方BT徒歩約5分。Tex-Mex。電話予約 0261-72-7569。メール予約なし。
05,Walk from Happo BT,05 Hakuba Taproom,長野県北安曇郡白馬村北城3322-1 パノラマホテル内,バーガー・ビール。TableCheck。0261-75-0075。徒歩約5分。
06,Walk from Happo BT,06 こいや / 川魚料理 こいや,〒399-9301 長野県北安曇郡白馬村北城八方4093-2,エコーランドの「こいこい」ではない。うなぎ・川魚。八方BT徒歩約7分。月火金土日 11:00–13:00 / 17:30–19:00。水木定休。席予約なし。HAPPOデスク可。Googleは八方4093-2。北城4093-2だけだとピンが落ちることがある。
07,Walk from Happo BT,07 与兵衛倶楽部,〒399-9301 長野県北安曇郡白馬村八方5057,立ち飲み（与兵衛クラブ）。Walk-in。八方コア徒歩約7分。5069／対岳館5094ではない。
08,Walk from Happo BT,08 OLION SUSHI HAKUBA,長野県北安曇郡白馬村北城4313-1 Mountain Side 1F,国際リフト付近のアフター寿司。Walk-in。徒歩約10分。
09,Walk from Happo BT,09 蕎麦酒房 膳,〒399-9301 長野県北安曇郡白馬村北城3020-49,山品（大町）ではない。林檎舎でもない。手打ちそば。日・月・木・金・土 11:00–14:00 / 17:30–20:00。火水定休。Walk-in。0261-72-3637。徒歩約10分。
10,Walk from Happo BT,10 そば工房 林檎舎,〒399-9301 長野県北安曇郡白馬村北城5289,りんごや。八方BT徒歩約3分（公式）。手打ちそば。昼のみ 11:30–14:00（L.O. 13:30）、売り切れ次第終了。膳そば・山品ではない。0261-71-1566。予約できない期間あり。https://sobakoboringoya.com/
11,Echoland (Line VN),11 居酒屋 稗,長野県北安曇郡白馬村北城3020-868,エコーランドのloud night。2時間席。7+不可。子ども不可。無断キャンセル¥4,000。TableCheck。歩いて行かない。Line VN。
12,Echoland (Line VN),12 The Rabbit Hole Hakuba,長野県北安曇郡白馬村北城4777,バーガー／アフター。TableCheck。歩いて行かない。Line VN。
13,Echoland (Line VN),13 胡座屋 白馬,長野県白馬村北城3020-694,おでん・ラーメン。ダシ割り。木曜定休。Walk-in。旧・深山成吉思汗の番地。今は胡座屋。ジンギスカンのピンを残さない。
14,Echoland (Line VN),14 Hige Cafe,長野県北安曇郡白馬村北城3020-957,冬は串カツ居酒屋。0261-85-0499。同じ番地に「こいこい」がある。オレンジの入口を目視。
15,Echoland (Line VN),15 居酒屋 こいこい,長野県北安曇郡白馬村北城3020-957,八方の「こいや」（うなぎ）ではない。居酒屋。TableCheckなし。Instagram / walk-in。Hige Cafeと同番地なのでPlaceを分ける。
16,Echoland (Line VN),16 koubo-nikki / 酵母日記,〒399-9301 長野県北安曇郡白馬村北城3020-142,昼のみ。Hieの夜ではない。9:30–16:00、売り切れ次第終了。水曜定休。0261-72-4342。TABITABI（27・北城3020-1406）ではない。店の看板でPlaceを確認。
17,Taxi,17 Wagyu Samurai,長野県北安曇郡白馬村北城5276,焼肉。駅から約105m。TableCheck。080-9649-7950。タクシー。
18,Taxi,18 ききょう屋,〒399-9301 長野県北安曇郡白馬村北城白馬町1909-4,寿司。駅。八方BTではない。0261-72-3633。冬は予約。
19,Taxi,19 炭火焼肉 深山,〒399-9301 長野県北安曇郡白馬村北城5612-3,駅通りの焼肉。エコーランドの深山成吉思汗ではない（松本へ移転）。2時間席。0261-72-6309。タクシー。
20,Taxi,20 来夢来人,長野県北安曇郡白馬村北城8574-1,定食／カフェ。駅から約8分。Walk-in。0261-72-4785。
21,Taxi,21 グリルこうや,長野県北安曇郡白馬村大字北城5629-2,洋食・ハンバーグ・オムライス。駅〜八方道路。BTの塊ではない。Walk-in。0261-72-5354。
22,Taxi,22 グリンデル,長野県北安曇郡白馬村北城白馬町8853,昼のみ。夕食候補にしない。水曜定休。予約不可。現金。11:30–14:00（日14:30）。0261-72-4515。
23,Taxi,23 GARLIC / ガーリック 白馬,長野県北安曇郡白馬村大字北城みそら野828-120,ピザ／パスタ。みそら野。タクシー。水曜定休。0261-72-6490。
24,Taxi,24 SWEETS & BAKERY サクララ,長野県北安曇郡白馬村北城2937-682,パン／スイーツ。昼。9:30–16:00掲載。Hie通りではない。タクシー。090-2450-9309。定休は要確認。
25,Taxi,25 髙橋家,長野県北安曇郡白馬村大字神城23386-1,五竜ゲートのコンテナラーメン。横浜家系「たかはしけ」ではない。金曜定休。冬 12:00–20:15 L.O.。090-2165-8523。
26,Taxi,26 虹屋丼丸 白馬店,〒399-9211 長野県北安曇郡白馬村大字神城24840,安い海鮮丼・テイクアウト。飯森／神城。タクシー。0261-75-3224。
27,Taxi,27 TABITABI,長野県北安曇郡白馬村北城3020-1406,農園ジェラート。瑞穂。タクシー／車。月火定休。冬時間は変動。0261-85-2520。パフェはTableCheck。
28,Taxi,28 山品,長野県大町市美麻14658,八方の膳そば・林檎舎・りきではない。地粉の新行そば。昼のみ、11:00〜売り切れ。金曜定休。八方から車約30分。0261-23-1230。11:00–12:00に並ぶ。
29,Taxi,29 蕎麦処 りき,〒399-9301 長野県北安曇郡白馬村大字北城3020番地90,ステーキ店ではない。膳（09）・林檎舎（10）・山品（28）ではない。昼のみ 11:00–15:00、売り切れ次第終了。木金定休（農繁期は臨時休業あり）。瑞穂／オリンピック道路。タクシー。八方BT徒歩ではない。0261-85-4311。https://sobadokororiki.com/
