No,Layer,Name,Address,Description

01,Walk from OMO7 / station,01 Santouka,"348-6 1-jo-dori 8-chome, Asahikawa, Hokkaido 070-0031, Japan (北海道旭川市1条通8丁目348番地6 MANNY BLD 1F)",OPEN MAP: https://maps.google.com/?q=43.7647514%2C142.3600012. Ramen honten. Queue. Walk-in. Closed Thu unless a holiday. 0166-25-3401. About 5 min from JR Asahikawa. Not the old Sasaki Bldg at 348-3.

02,Walk from OMO7 / station,02 Baikohken,"2-jo-dori 8-chome, Asahikawa, Hokkaido 070-0032, Japan (北海道旭川市2条通8丁目 買物公園ピアザビル B1)",OPEN MAP: https://maps.google.com/?q=43.7650476%2C142.3615878. Classic Asahikawa ramen. Piaza B1. Walk-in. About 3 min from JR Asahikawa. 0166-24-4575. Not another Baikohken branch.

03,Walk from OMO7 / station,03 Hachiya Gojo,"43.762456, 142.364512 (5-7 Alley Furari-to · Hachiya Gojo · 八谷五条)",OPEN MAP: https://maps.google.com/?q=43.762456%2C142.364512. Since 1947; roasted-lard aroma ramen locals chase. 5-7 Alley Furari-to. Walk-in. About 10 min from JR Asahikawa. Not Gin-neko shinkoyaki.

04,Walk from OMO7 / station,04 Ichikura,"43.765234, 142.362891 (Ichikura ramen · 一くら)",OPEN MAP: https://maps.google.com/?q=43.765234%2C142.362891. Late-night ramen; green-onion-heavy bowls. Walk-in. Confirm late hours before you go. No web seats. Station area.

05,Taxi · northeast,05 Ramen Village,"43.729845, 142.414567 (Asahikawa Ramen Village · 旭川ラーメン村 · Atsuta)",OPEN MAP: https://maps.google.com/?q=43.729845%2C142.414567. Group sampler — multiple famous shops in one place. No group booking; pick a shop and queue. Taxi / car ~15 min from JR Asahikawa — not the station stroll.

06,Walk from OMO7 / station,06 Daikokuya,"1425 4-jo-dori 5-chome, Asahikawa, Hokkaido 070-0034, Japan (北海道旭川市4条通5丁目1425番地 3・4仲通)",OPEN MAP: https://maps.google.com/?q=43.763433%2C142.363819. Lamb BBQ (Genghis Khan). Book. Toreta. Official walk ~11 min from JR Asahikawa. 0166-24-2424. Asahikawa shop — not Sapporo / Hakodate.

07,Walk from OMO7 / station,07 Taisetsu Ji-Beer Kan,"1604-1 Miyashita-dori 11-chome, Asahikawa, Hokkaido 070-0030, Japan (北海道旭川市宮下通11丁目1604番地の1 蔵囲夢)",OPEN MAP: https://maps.google.com/?q=43.765867%2C142.358119. Lamb + beer in the registered warehouse. Hot Pepper / official form. Closed Sun. 0166-25-0400. About 5–6 min from JR Asahikawa east. Not the Harete yatai-mura bar at 5-jo 9-chome.

08,Walk from OMO7 / station,08 Hitsujiya,"43.764725, 142.362891 (Hitsujiya · ひつじ屋)",OPEN MAP: https://maps.google.com/?q=43.764725%2C142.362891. Lamb BBQ (Genghis Khan); friendly service; easier for first-timers. Recommended winter; walk-in queue peak summer. Hot Pepper Nov–May ski season. 0166-25-2550. Station area — not Daikokuya.

09,Taxi · Kyokushin,09 Sushi Triton (Kyokushin),"1 Kyokushin 3-jo 5-chome, Asahikawa, Hokkaido 078-8373, Japan (北海道旭川市旭神3条5丁目1)",OPEN MAP: https://maps.google.com/?q=43.728592%2C142.348011. Conveyor sushi for groups. Walk-in only — no seats booked. Official: ~10 min by car from JR Asahikawa. 0166-60-7711. Not a station-walk pin. Not Konishi.

10,Taxi · east,10 Mitsumoto,"43.755089, 142.378614 (Sushi-dokoro Mitsumoto · 鮨処みつもと)",OPEN MAP: https://maps.google.com/?q=43.755089%2C142.378614. Seafood-bowl / chirashi lunch; calm local room. Phone safest peak weekends — 0166-33-6677. Taxi / car ~10 min east of JR Asahikawa — not the OMO7 stroll. Not Konishi dinner sushi.

11,Walk from OMO7 / station,11 Konishi Sushi,"3-jo-dori 6-chome Migi-6 Bldg A1F, Asahikawa, Hokkaido 070-0033, Japan (北海道旭川市3条通6丁目右6ビル A1F)",OPEN MAP: https://maps.google.com/?q=43.765167%2C142.362398. Sit-down sushi dinner. Reserve. Official ~7 min from JR Asahikawa. 0166-22-4443. https://konishisushi.com/contact/ Not Triton.

12,Taxi · Kaguraoka,12 Kouya,"43.740701, 142.3735135 (Kouya soup curry · 神楽岡5条6丁目3-10)",OPEN MAP: https://maps.google.com/?q=43.740701%2C142.3735135. Soup curry specialist. Walk-in only — no seats booked. Closed Tue/Wed. Hours often 11:00–19:30 LO 19:00 — confirm. Ticket-machine order. Taxi / car ~10 min from JR Asahikawa. Phone 0166-66-8120. Kaguraoka — not Midorigaoka. Not Okushiba.

13,Taxi · Midorigaoka,13 Okushiba,"43.748912, 142.365234 (Okushiba Shoten Asahikawa-tei · 奥芝商店 旭川亭)",OPEN MAP: https://maps.google.com/?q=43.748912%2C142.365234. Shrimp-broth soup curry; also serves Genghis Khan. Phone recommended weekends — 0166-51-1100. Taxi / car ~10 min Midorigaoka area — not Kouya Kaguraoka. https://okushiba.net/asahikawa/

14,Walk from OMO7 / station,14 Gin-neko,"5-jo-dori 7-chome Migi-6, Asahikawa, Hokkaido 070-0035, Japan (北海道旭川市5条通7丁目右6 5・7小路ふらりーと)",OPEN MAP: https://maps.google.com/?q=43.762912%2C142.365034. Shinkoyaki. Walk-in. Go early. In 5-7 Alley Furari-to. Closed Mon. 0166-22-4604. About 10 min from JR Asahikawa. Not Sanshiro.

15,Walk from OMO7 / station,15 Sanshiro,"2-jo-dori 5-chome Hidari-7, Asahikawa, Hokkaido 070-0032, Japan (北海道旭川市2条通5丁目左7 独酌三四郎)",OPEN MAP: https://maps.google.com/?q=43.766089%2C142.361712. Historic izakaya (Dokushaku Sanshiro, 1946). Phone Tue–Sat 16:00–21:00. 0166-22-6751. Sanroku / 3-6 street — about 15 min walk or a short taxi. Not Gin-neko.

16,Walk from OMO7 / station,16 Sumiya,"43.763891, 142.364123 (Sumiya Asahikawa · 炭や)",OPEN MAP: https://maps.google.com/?q=43.763891%2C142.364123. Salt horumon specialist. Phone only — 0166-26-4303. Walk-in by phone reservation. Hot Pepper has no net booking.

17,Walk from OMO7 / station,17 Coffee Tei Tirol,"43.765812, 142.361234 (Coffee Tei Tirol · 喫茶店ティロル)",OPEN MAP: https://maps.google.com/?q=43.765812%2C142.361234. Café since 1939. Phone / email. https://cafe-tirol.com/shop.html Station area.
